Carrier,AverageArrivalDelay
9E,5.100462905041912
AA,7.288294498828071
AS,-0.12965700768775873
B6,9.841756822218635
DL,2.4152590821682867
EV,10.1125519325192
F9,11.460146975692481
FL,7.611957796014068
HA,1.4433209153805215
MQ,13.220602273713443
OO,6.054446573141338
UA,4.847762442492681
US,4.011701857033834
VX,9.453928773318259
WN,8.062511881923921
YV,7.871275783040489
